{
  "job_id": "202eeaee-d9fa-41d1-8f0c-3711ead19bf0",
  "timestamp": "2025-12-13T09:24:58.717713",
  "system_metrics": {
    "cpu_percent": 27.4,
    "ram_percent": 81.3,
    "gpu": {
      "gpu_available": false
    }
  },
  "inference_metrics": {
    "cold_inference_time": 0.0022430419921875,
    "warm_inference_time": 0.0009980201721191406,
    "avg_10run_latency": 0.000928807258605957
  },
  "model_analysis": {
    "param_count": 94986,
    "model_size_mb": 0.36234283447265625,
    "approx_flops": 189972,
    "memory_footprint_mb": 0.36234283447265625
  },
  "prediction_quality": {
    "confidence_score": 0.24716819822788239,
    "entropy": 2.161111946609326
  }
}