{
  "job_id": "805be368-f577-4ee0-93c5-b4275f49c5d5",
  "timestamp": "2025-12-13T08:48:51.694500",
  "system_metrics": {
    "cpu_percent": 11.1,
    "ram_percent": 81.4,
    "gpu": {
      "gpu_available": false
    }
  },
  "inference_metrics": {
    "cold_inference_time": 0.0006830692291259766,
    "warm_inference_time": 0.0004940032958984375,
    "avg_10run_latency": 0.0004457235336303711
  },
  "model_analysis": {
    "param_count": 94986,
    "model_size_mb": 0.36234283447265625,
    "approx_flops": 189972,
    "memory_footprint_mb": 0.36234283447265625
  },
  "prediction_quality": {
    "confidence_score": 0.14043475687503815,
    "entropy": 2.2823199799443072
  }
}