{
  "job_id": "86e2c357-600f-471e-8be5-52fa7aad34a6",
  "timestamp": "2025-12-12T07:34:31.860418",
  "system_metrics": {
    "cpu_percent": 29.8,
    "ram_percent": 80.9,
    "gpu": {
      "gpu_available": false
    }
  },
  "inference_metrics": {
    "cold_inference_time": 0.0008213520050048828,
    "warm_inference_time": 0.0005860328674316406,
    "avg_10run_latency": 0.0003854513168334961
  },
  "model_analysis": {
    "param_count": 94986,
    "model_size_mb": 0.36234283447265625,
    "approx_flops": 189972,
    "memory_footprint_mb": 0.36234283447265625
  },
  "prediction_quality": {
    "confidence_score": 0.24716819822788239,
    "entropy": 2.161111946609326
  }
}